{"cameraMode":{"drawMode":0,"name":"Shaded","section":"Shading Mode"},"sceneLighting":true,"audioPlay":false,"sceneViewState":{"m_AlwaysRefresh":false,"showFog":true,"showSkybox":true,"showFlares":true,"showImageEffects":true,"showParticleSystems":true,"showVisualEffectGraphs":true,"m_FxEnabled":true},"in2DMode":false,"pivot":{"x":-37.695228576660159,"y":20.327882766723634,"z":-1.0437930822372437},"rotation":{"x":0.18583886325359345,"y":0.6941686868667603,"z":-0.1936820149421692,"w":0.6675930619239807},"size":13.608617782592774,"orthographic":false}