{"cameraMode":{"drawMode":0,"name":"Shaded","section":"Shading Mode"},"sceneLighting":true,"audioPlay":false,"sceneViewState":{"m_AlwaysRefresh":false,"showFog":true,"showSkybox":true,"showFlares":true,"showImageEffects":true,"showParticleSystems":true,"showVisualEffectGraphs":true,"m_FxEnabled":true},"in2DMode":false,"pivot":{"x":1.7310203313827515,"y":3.1286239624023439,"z":2.429107666015625},"rotation":{"x":0.03537984564900398,"y":-0.9427027106285095,"z":0.3136146664619446,"w":0.10190831869840622},"size":2.6057538986206056,"orthographic":false}