{"cameraMode":{"drawMode":0,"name":"Shaded","section":"Shading Mode"},"sceneLighting":true,"audioPlay":false,"sceneViewState":{"m_AlwaysRefresh":false,"showFog":true,"showSkybox":true,"showFlares":true,"showImageEffects":true,"showParticleSystems":true,"showVisualEffectGraphs":true,"m_FxEnabled":true},"in2DMode":false,"pivot":{"x":-27.108434677124025,"y":62.053375244140628,"z":31.997995376586915},"rotation":{"x":-0.08785939961671829,"y":-0.8473044037818909,"z":0.49995625019073489,"w":-0.15184444189071656},"size":1.2869962453842164,"orthographic":false}