{"cameraMode":{"drawMode":0,"name":"Shaded","section":"Shading Mode"},"sceneLighting":true,"audioPlay":false,"sceneViewState":{"m_AlwaysRefresh":false,"showFog":true,"showSkybox":true,"showFlares":true,"showImageEffects":true,"showParticleSystems":true,"showVisualEffectGraphs":true,"m_FxEnabled":true},"in2DMode":false,"pivot":{"x":0.7431677579879761,"y":36.39775848388672,"z":18.398548126220704},"rotation":{"x":0.020801614969968797,"y":-0.8975366950035095,"z":0.43716931343078616,"w":0.04001794010400772},"size":1.4442169666290284,"orthographic":false}