{"cameraMode":{"drawMode":0,"name":"Shaded","section":"Shading Mode"},"sceneLighting":true,"audioPlay":false,"sceneViewState":{"m_AlwaysRefresh":false,"showFog":true,"showSkybox":true,"showFlares":true,"showImageEffects":true,"showParticleSystems":true,"showVisualEffectGraphs":true,"m_FxEnabled":true},"in2DMode":false,"pivot":{"x":2.4351606369018556,"y":0.5195269584655762,"z":-4.270454406738281},"rotation":{"x":0.07340579479932785,"y":0.9141382575035095,"z":-0.1922796666622162,"w":0.34911006689071658},"size":6.697944641113281,"orthographic":false}